{"val_loss": [55.56459657264429, 31.52247580137577, 38.42195616191957, 45.286914013851344, 43.466850722792586, 36.8862885933807, 28.54511608623692, 16.717387646431074, 22.791651347162315, 30.06802358160564, 15.8459874240227, 20.777229062933984, 16.50774113871117, 15.285901549108598, 25.899331592450793, 12.33760186036772, 10.560989376710877, 18.1731223742865, 20.34707293187973, 16.361229712490555, 13.986964638567587, 16.699935787228576, 19.817918278825854, 15.86272809152943, 19.211296686620084, 18.66696664146736, 13.649892082217075, 13.361467317033378, 13.850654815687701, 16.00877938914501, 11.381154397774191, 12.01003527482821, 16.63219612438251, 7.507066643412755, 13.420874967020882, 19.875594716551735, 14.23682966124998, 8.769715677092478, 11.100605126356385, 8.961229912887923, 8.809560932867237, 15.473197179749691, 15.579601974301166, 16.240603213126118, 7.677571054881579, 15.091677566049489, 13.530324017630385, 11.463765591581378, 8.696718562241996, 8.891366980457404, 14.589227890752285, 13.45651962712531, 8.42819295151807, 10.63690109157626, 12.024848800987856, 13.062892353090056, 11.852276131346718, 8.34644322141497], "val_rmse": [6.14261122358909, 4.569034674726596, 5.506745230487259, 6.082958206829098, 5.925308282569477, 5.269941348261476, 4.645759467666796, 3.020559151977486, 3.6592880825905296, 4.902352203021908, 2.9464490450813368, 3.9079983094218584, 3.36346816083965, 2.9733106625997503, 4.311621023074121, 2.6715195318808216, 2.4256134626058814, 3.7282015026220146, 3.841575566250661, 3.3042873536737556, 2.750139982397933, 3.3160688279732566, 3.6740492317072286, 3.3067314002749364, 3.7976858546728987, 3.7191639577738713, 2.963878706846338, 2.8483419820328035, 3.050520491067778, 3.3028242357057795, 2.7110944518003177, 2.830244104414997, 3.481436663432543, 1.8861428375544236, 3.046928246851621, 3.957337476613709, 3.134848671927423, 1.8761746979102947, 2.6734123259732545, 1.9950067759350736, 2.100964873542045, 3.484023434011551, 3.439213860328881, 3.4083566942270878, 1.8966421194065997, 3.363787043987258, 3.094774505981819, 2.345128616868283, 2.0035281748167177, 2.2880396861159955, 3.3156226882438817, 3.2187782207420055, 2.0059306234555914, 2.4688517390406886, 2.947941360399022, 3.0207352663904277, 2.797939649010446, 2.052515453270793], "loss": [797.9786182691845, 53.68738851229942, 41.35144590680277, 35.86752195182417, 32.17011877218258, 28.868503933596426, 28.581875973097137, 26.75190289316837, 24.909199544797456, 23.920485365185904, 21.895772927326416, 21.337577034491417, 19.90152252805442, 19.47580724065056, 19.213172519280352, 18.418701590961046, 17.537729185620808, 17.43926816896977, 16.873971207978048, 16.796600801820333, 17.756576445740148, 16.366789349381857, 16.085036365728424, 15.557467629001962, 15.039330383162271, 14.851903253529992, 14.519004703596597, 14.189071703704682, 14.460357388310221, 13.899558111632846, 13.941389508517593, 13.487178564281358, 13.24522492827428, 13.53309842582723, 13.21967317988909, 13.024614866017727, 12.959468012288772, 12.542524638441972, 12.441670303521825, 12.255464517311568, 12.03611114050368, 11.8466791937456, 11.777094552686183, 11.670524375141573, 11.736164089403092, 11.887372850989845, 11.617246992073792, 11.161089019877787, 11.083256913524766, 10.919614743223352, 10.732381234883777, 10.657951714374196, 11.137491428509318, 10.25990431582583, 10.172892652088953, 10.377199445972638, 10.417021688585438, 10.087089903695569], "rmse": [11.802108507811973, 6.095307226175286, 5.314835225939563, 4.955759181097409, 4.682523303472047, 4.41073832091822, 4.33946346863546, 4.158870446040854, 4.0507616051525215, 4.003848353685359, 3.8096311547627937, 3.7647574199196727, 3.623231102251423, 3.5711371616926786, 3.5672370630561003, 3.472752416878141, 3.375784302975471, 3.354556318276785, 3.2997192031855724, 3.261359248426986, 3.3261084324902126, 3.179169523994419, 3.208486198965601, 3.1490144325865232, 3.086618639812585, 3.089232857484189, 3.055747018495201, 3.009160064077106, 3.0288664031272217, 2.9732229922610314, 2.979420143440715, 2.930260675692268, 2.8777550106082517, 2.9454707917447025, 2.9151920873093573, 2.8906396791875597, 2.8547989178556397, 2.8122080822924853, 2.8049140957839587, 2.779139271225924, 2.7469376927271982, 2.6991395540844825, 2.702737350397302, 2.6962135169141086, 2.694286887348624, 2.7018435395883493, 2.664157820370847, 2.5958191875205783, 2.6082824227618087, 2.5834152685605503, 2.557423882648324, 2.5567709544782504, 2.5332423295433046, 2.368967152010734, 2.3858162900775586, 2.421301213235494, 2.456188752545046, 2.4096431639839357]}