{"val_loss": [50.576946976910584, 35.84811069577119, 31.721814453035282, 29.581979182542003, 28.71343644710128, 29.08485851644017, 26.76915031685767, 26.823377843542268, 26.477775933571312, 26.051422765649537], "val_rmse": [4.529535506780705, 3.804640485916431, 3.592421896443104, 3.420314765269126, 3.413991810885775, 3.5628555139959475, 3.1833243718309086, 3.271216102908145, 3.2236579590625456, 3.19212799780095], "loss": [3564.743679051004, 41.91811914451438, 34.037656696798294, 31.06341222874538, 29.398807624137298, 28.384947937915967, 27.669715167369038, 27.160221675979727, 26.70432419032479, 26.39093297108217], "rmse": [18.33777275169226, 4.181608714149318, 3.761089691334229, 3.5744112076428505, 3.4520765427127866, 3.377712057697903, 3.322690840397055, 3.284917598064925, 3.2440229108350405, 3.220614804068261]}