{"val_loss": [246.41491383184453, 70.92796630565122, 44.669905399361845, 36.51038564706375, 32.87210276064067, 30.470679132607255, 29.005955431692286, 28.018429389570812, 27.06876533702792, 26.806837920227277, 25.91856306133461, 25.632863012626782, 25.25074352025693, 24.9213468268797, 24.851873367933347, 24.41721705944253, 24.20378556241258, 24.09509183700847, 23.953582673899717, 24.021973910576097, 23.50973193802043, 23.4211196451999, 23.332326898470125, 23.125660446714452, 23.08537641586103, 22.919149193265888, 22.987303848162508, 22.854670181313374, 22.77536369749141, 22.829191812781453, 22.56019346099655, 22.591538590333055, 22.545843678159446, 22.617094646665766, 22.387832640359505, 22.484421260033024, 22.246108025776017, 22.24564075521257, 22.12990909276579, 22.053927243247514, 22.08560568329936, 22.15421860195903, 22.08232705232274, 22.14961860188665, 22.066317926781807], "val_rmse": [9.06287356453301, 5.019598250345189, 4.1637518822990245, 3.8155969731654342, 3.644415340294714, 3.501042176609845, 3.407834157860971, 3.3416073872853684, 3.2672177074639146, 3.2689410145186963, 3.1849999758592147, 3.169518391106276, 3.1309060941458, 3.109150102155768, 3.117725591629935, 3.0512104453705287, 3.0376474041656296, 3.044858637034758, 3.009777656363905, 3.0626614968196373, 2.9722614638037324, 2.964559605726385, 2.955349836745194, 2.932280187488241, 2.9329829937114344, 2.9167156866127937, 2.948079776438997, 2.9206065036950815, 2.905788457043216, 2.9323893399713366, 2.878748775666353, 2.8932933587327314, 2.882745250362161, 2.906796132597677, 2.863701969330207, 2.8958134809100557, 2.854345226193606, 2.860633966659527, 2.839347701843771, 2.825404946473498, 2.8321712554119913, 2.845394676823092, 2.841783796938321, 2.8525632954693587, 2.8440315882960787], "loss": [15260.517743607856, 125.31648629913799, 54.1431699574786, 39.61218581217353, 34.16151236055752, 31.278412935501944, 29.464498304500218, 28.205832076658282, 27.277948887753777, 26.570788832287686, 26.00990810192632, 25.543844971909483, 25.15694856404646, 24.82505218132521, 24.541432462124668, 24.293757261990656, 24.072553727318628, 23.880072457930158, 23.704541250786132, 23.546185958087932, 23.4033373141471, 23.269125245890702, 23.146240256391795, 23.03803373004727, 22.93493540309195, 22.840411103517752, 22.753194548254797, 22.666361322908273, 22.588395732080638, 22.516006659639935, 22.44551640150209, 22.38202764990268, 22.319856480834837, 22.261797308167473, 22.207276229927917, 22.15518530854355, 22.105717310007506, 22.05868938518115, 22.013973123341373, 21.973722161476317, 21.932539906031504, 21.89380006907862, 21.854736038463333, 21.818995385472558, 21.78342212799042], "rmse": [56.08966090250836, 6.3724579181271315, 4.505587623329803, 3.9765720452959394, 3.719042580895881, 3.5613482170455524, 3.4523203239394262, 3.371267967664614, 3.307553898159663, 3.2556959282166815, 3.213339741219747, 3.1765757930214313, 3.145265817969069, 3.1176187805345457, 3.0935963153946084, 3.0717986568332205, 3.05203866104407, 3.0348760245132462, 3.018868206295344, 3.0044885780302395, 2.991056756764399, 2.9783251355958376, 2.9667673429521435, 2.956877775562219, 2.946815404393865, 2.937383275908895, 2.9291731911532564, 2.9205791631538567, 2.912707407024421, 2.905641216178363, 2.89854093538945, 2.8918544364796164, 2.8856569930426055, 2.8797825427595947, 2.8740810191856854, 2.86892865893828, 2.8640736396510795, 2.8589284700160134, 2.8545209811812526, 2.850225003109608, 2.8460883321332386, 2.841887064938126, 2.8376985511257122, 2.833844059562701, 2.830106902063266]}