{"val_loss": [91.6397586248055, 55.00709785093674, 42.95591334612918, 48.13267172068372, 41.91526006610248], "val_rmse": [8.205901308249477, 5.611582566737353, 4.858910628875127, 5.480720832579662, 4.992647732292318], "loss": [489.93114013253046, 59.944957807742945, 47.93890971369244, 41.4805088060307, 37.126493795814845], "rmse": [10.492815192126665, 5.991820245494085, 5.219868591172509, 4.741630947349073, 4.3914234969257455]}