{"val_loss": [73.00610503629701, 62.9483370119711, 52.495129487798806, 49.49323762251776, 47.91134512281129, 50.5464910181324, 41.1423994274072, 46.64753074778328, 41.34791585219912, 44.72859813482866, 42.54526471327838, 45.90738545967725, 41.16939362741842, 38.685570081458046, 43.82081367861415, 42.403790657976074, 39.85247836940087, 35.48683910864497, 33.462740484411015, 40.205174471654594, 39.696183227022324, 37.19352262881712, 35.566467928769, 39.44658495492687, 37.45109498861632, 34.613705469185895, 35.67198911110692, 31.602035431833844, 34.0397508937038, 32.416381384066746, 33.2181913560363, 35.214615686491534, 36.264979758642006, 33.40781425639499, 33.0979148292358, 32.38810015534838, 35.862690833714055, 36.93015920423467], "val_rmse": [6.446359151971323, 6.075772520091666, 5.612662505132621, 5.526414418465943, 5.4427933043535655, 5.027784467353652, 4.7665139634110645, 5.296286031885167, 4.514278715017175, 5.236322818217739, 4.797251785727939, 5.381654629442866, 4.843278663340238, 4.793872654372952, 4.8979033045489695, 4.9816929626267425, 4.732577536839428, 4.342360957371943, 4.160417502461243, 4.651714166970692, 4.793371657807282, 4.4686506719631724, 4.334668420812771, 4.832532427507532, 4.61942933371065, 4.254372287708663, 4.517103318422299, 3.8085289343668487, 4.22180680143534, 4.01615864353343, 4.162216218249089, 4.523098635887713, 4.436645979772051, 4.048313420396498, 4.055749774965312, 3.972777478256336, 4.511546231228448, 4.562205466821419], "loss": [550.4528591143298, 75.52046706075302, 62.31529139852782, 55.12836745672441, 52.69454363756748, 49.658946791879806, 46.98146646788439, 45.34086528371939, 44.69666043263945, 43.546903492259474, 42.43173510236503, 42.274523602740864, 41.46613251924949, 40.79262554517584, 40.04812485774536, 39.94426601130691, 39.24300906220436, 38.546991463247934, 37.73403365262762, 37.064169432618385, 37.16827631129837, 36.74044052250974, 37.17436899408488, 36.51762051666725, 36.28271738675241, 35.5182816129325, 34.99224779557105, 34.90630317385058, 35.19713535148393, 34.69897177875089, 34.669966575032035, 34.42102237883676, 33.899445202412195, 33.82654974166569, 33.58235092379526, 33.412806120867806, 33.39178158642004, 33.10827518692522], "rmse": [10.94343169307488, 6.977429526263828, 6.268486173238271, 5.828717579362711, 5.649675975426969, 5.47024324819366, 5.2759667196687685, 5.154757953608291, 5.105067557289661, 5.018663820065077, 4.940786992217522, 4.922596527082952, 4.864713372729025, 4.808090422928658, 4.742759313675078, 4.712823374275501, 4.655907659524149, 4.599848672570519, 4.536023104026178, 4.474184561436494, 4.490781239183275, 4.456249329117116, 4.483837009808282, 4.428047065874358, 4.415353857213304, 4.357152336103751, 4.312483645314796, 4.292026973047935, 4.304323254330866, 4.259789554022304, 4.2591178878208416, 4.230845530904778, 4.1946500543606025, 4.187507361289264, 4.168227748138715, 4.150976269721785, 4.151668459960163, 4.125005642518808]}