{"val_loss": [105.4280790952326, 59.077258132578116, 63.99583607339068, 40.338385971746064, 41.24857051664279, 41.41854086935574, 38.30657731005935, 38.80353396667849, 40.70143777428955, 36.593398106913234, 37.284418209223105, 36.8695269758125, 39.6622910907294, 38.36785124664716, 35.045878456636146, 36.43857806875752, 35.325057973227885, 34.60633882221007, 35.26044739608237, 34.906986474866116, 36.18261049026106, 40.19962551398569, 36.580166203355596, 35.69612872546265, 36.33016608446446, 37.88550943117934, 33.135163391028634, 31.383677818053457, 34.43154389828495, 35.952327742468725, 33.46520476304995, 32.52071556833253, 31.33378571050318, 33.70035029115967, 32.47182383511727, 33.42693632886584, 32.035654248485045, 34.65205286463735, 33.29255472866554, 37.80264172775598, 33.52615052699791, 31.52249444094108, 31.608179613835528], "val_rmse": [8.942712631546405, 5.92910129634906, 6.650248050093292, 4.439923217051055, 4.539087302728349, 4.590511764463379, 4.393377490096228, 4.317145156427546, 4.694182489025005, 4.248448003680734, 4.445238670056282, 4.205992194557159, 4.663306430889101, 4.498851968274596, 4.128228022711827, 4.30374455291341, 4.141549801841862, 4.086356756754421, 4.218905753723763, 4.058866958822563, 4.266445926272602, 4.834405959773606, 4.445257296862563, 4.406617496127307, 4.470859109513793, 4.7195154769379855, 4.070480543005443, 3.8339328209477026, 4.252660303658587, 4.208439685519036, 4.091672633885809, 3.959393460668533, 3.789680350021278, 4.154611354277217, 4.048540506643568, 4.11512168583271, 3.9857621413450306, 4.408643177438321, 4.118808185221383, 4.589483835488919, 4.129302063512713, 3.8516584713893285, 3.8888981973708026], "loss": [342.8553145735892, 77.87749943050731, 61.60155396695255, 54.08201195040557, 48.73852088591122, 46.73789103895531, 44.50125157291758, 43.12637713645174, 41.87020625178169, 40.93100410132393, 40.589912023901306, 40.08768287789744, 39.248299394400284, 38.59151486132962, 38.33840771944096, 38.04247815162316, 37.58187416590857, 37.42949306552378, 37.11897944818189, 36.891283282540634, 36.89354524022013, 36.58661560065779, 36.00207426477602, 35.71748659309504, 35.32620632026653, 35.38259124012633, 35.01204436979488, 34.79870747463186, 34.79028728399845, 34.42170747939497, 34.184224718224215, 34.20101068999414, 33.78583719962944, 33.82373903898967, 33.66002230733068, 33.17375756784408, 33.01447911901008, 32.91195017384546, 32.76111546021161, 32.54277677914398, 32.584502317389784, 32.566720145863584, 32.312746781300916], "rmse": [10.782779092769585, 7.167280556385734, 6.195133773437108, 5.693267810501702, 5.305822174874911, 5.17220079782202, 4.992323918635652, 4.885580128502285, 4.781684236168149, 4.700044679107137, 4.66923023542064, 4.634073726593405, 4.560514661123952, 4.508023629237923, 4.487681332604799, 4.460357179793107, 4.423579323717464, 4.413670373404935, 4.383922896725111, 4.353180733668058, 4.343531846721479, 4.340962238294482, 4.283825474338165, 4.258479884307483, 4.224413793586125, 4.224239205464109, 4.190411581529839, 4.172811375107145, 4.180805154609903, 4.143596645283314, 4.117761886443101, 4.115845530806881, 4.0696915690569, 4.074027651681904, 4.0571894544433045, 4.02695629602613, 4.019052376569321, 4.008383857655955, 3.982464428080971, 3.976595991322365, 3.968880467340404, 3.96342578556289, 3.940692071169498]}