{"val_loss": [112.11613692576572, 53.7650227699575, 47.712884222556866, 49.05284842648059, 43.34965214466381, 45.023611205267734, 45.6244013930053, 48.215491370889815, 42.52282407880721, 55.05910555129382, 35.81841690784175, 32.55247332946111, 37.89627087709748, 40.25258570941166, 36.8692410141843, 33.98467974359058, 36.66235718858248, 30.92227903914216, 42.851506798269696, 36.54866743304851, 38.705596219386024, 32.5285456714468, 35.496809793264525, 31.55524509940781, 32.413251726377126, 38.43160277918197, 34.406421884335636, 32.822236330671686], "val_rmse": [9.239823717419622, 5.7088137161197015, 5.108764561982401, 5.308769609249758, 4.916462577539213, 5.102365606136739, 5.055019516777427, 5.164102776909817, 4.911870533137164, 6.192872365721901, 4.433220978068225, 3.8570729161733177, 4.506796246747427, 4.688373399067888, 4.49915407668809, 4.113709452540398, 4.298947672648945, 3.756407600424409, 5.217827944606064, 4.354286361517802, 4.679812555511993, 4.153527866311765, 4.182734874875965, 3.8416602663306074, 4.057319322164064, 4.707721854100264, 3.998282865209519, 4.1667241376868365], "loss": [573.4210673215111, 74.211241478807, 60.5011287683014, 54.42605794759637, 50.83597268723178, 47.76942106232797, 45.600133722743536, 44.5681403105122, 42.42712452102131, 41.7001657216633, 40.671120822806266, 39.9069374877383, 38.82036168381473, 38.44494838878815, 37.81334544811241, 37.1053009770007, 36.56161700372852, 36.13936841189964, 36.04712548309334, 35.55107127901482, 35.25083894062022, 35.011553338865376, 34.97783925718893, 34.60528312646998, 34.09189389771692, 34.040162532242874, 34.04543153653308, 33.74534964785839], "rmse": [11.697560528473652, 6.968156419938066, 6.189534923749316, 5.808484803373363, 5.547306941579887, 5.324044088330758, 5.176985227438828, 5.090455129101425, 4.937888699506533, 4.874183687088766, 4.779668727607385, 4.711951944717238, 4.6190951771900135, 4.59432651062514, 4.5468443849887965, 4.479614740163691, 4.428637220990192, 4.388238025984725, 4.377899607365218, 4.33012249501905, 4.3066573963848915, 4.2969385898917, 4.277253237063908, 4.239855963105019, 4.1971586647240535, 4.192457700233628, 4.18649192616805, 4.160550222056446]}